{
  "DocumentMetadata": {
    "Pages": 1
  },
  "Blocks": [
    {
      "BlockType": "PAGE",
      "Geometry": {
        "BoundingBox": {
          "Width": 1.0,
          "Height": 1.0,
          "Left": 0.0,
          "Top": 0.0
        },
        "Polygon": [
          {
            "X": 0.0,
            "Y": 0.0
          },
          {
            "X": 1.0,
            "Y": 2.2234917196328752e-7
          },
          {
            "X": 1.0,
            "Y": 1.0
          },
          {
            "X": 2.5382287276443094e-6,
            "Y": 1.0
          }
        ]
      },
      "Id": "0d7e4eea-2528-4432-8575-0172988577f3",
      "Relationships": [
        {
          "Type": "CHILD",
          "Ids": [
            "106457cc-ffba-4334-9e1a-8fd054ec198c",
            "94df56f5-47c8-472d-8b6b-4341c426685c",
            "b17331c7-d0d2-4d64-a9a7-0bc61bd92a3b",
            "ecb358cf-f8d8-41d3-92a0-93878ef4ff1f",
            "694c4440-ff4c-42e5-9f67-f2f831af08ae",
            "edf15c74-8523-4797-b556-82ec5fa92ed2",
            "eaf20dc8-1bd5-4889-a008-a44441988e85",
            "1b309b4f-2012-4d6b-8573-751ba1f1ecf7",
            "3ed1a59f-3172-4f94-a7a1-1c521abbd511",
            "fa91e8d2-3847-44d8-9b47-c0f77a4f5e62",
            "a2c5b3bf-b1f9-4d7a-9495-ce6978b662c6",
            "3664040a-ec64-4c58-966d-a1170130c028",
            "613e5fa6-e8e1-4771-99bc-56dfb50589d5",
            "9cf1494f-c911-4921-8f3d-f239909472bf",
            "1380d258-c394-43c3-97d2-04d66a30eb08"
          ]
        }
      ]
    },
    {
      "BlockType": "LINE",
      "Confidence": 99.8611831665039,
      "Text": "Lista de Material Escolar",
      "Geometry": {
        "BoundingBox": {
          "Width": 0.5851796865463257,
          "Height": 0.04153544083237648,
          "Left": 0.17536616325378418,
          "Top": 0.02280866540968418
        },
        "Polygon": [
          {
            "X": 0.17536616325378418,
            "Y": 0.02280866540968418
          },
          {
            "X": 0.760509729385376,
            "Y": 0.02291041426360607
          },
          {
            "X": 0.7605458498001099,
            "Y": 0.06434410810470581
          },
          {
            "X": 0.17541185021400452,
            "Y": 0.06427571922540665
          }
        ]
      },
      "Id": "106457cc-ffba-4334-9e1a-8fd054ec198c",
      "Relationships": [
        {
          "Type": "CHILD",
          "Ids": [
            "019f2d34-44fa-4fa3-93cb-cedc42ea9305",
            "85f85acf-fc77-48d4-be62-0f925d9723ae",
            "9621a371-1a59-4753-93da-01ac01c55f32",
            "3542188b-cfef-4567-8df5-22332567e82c"
          ]
        }
      ]
    },
    {
      "BlockType": "LINE",
      "Confidence": 99.81141662597656,
      "Text": ".3 rolos de fita crepe",
      "Geometry": {
        "BoundingBox": {
          "Width": 0.49421584606170654,
          "Height": 0.04905528947710991,
          "Left": 0.1754988431930542,
          "Top": 0.08724470436573029
        },
        "Polygon": [
          {
            "X": 0.1754988431930542,
            "Y": 0.08724470436573029
          },
          {
            "X": 0.6696702241897583,
            "Y": 0.08728685975074768
          },
          {
            "X": 0.6697146892547607,
            "Y": 0.1362999975681305
          },
          {
            "X": 0.17555288970470428,
            "Y": 0.13629117608070374
          }
        ]
      },
      "Id": "94df56f5-47c8-472d-8b6b-4341c426685c",
      "Relationships": [
        {
          "Type": "CHILD",
          "Ids": [
            "e30f7b61-e731-444f-b25c-b1b809ce65ef",
            "efd9cb72-73b1-40e2-9f9f-11ef25d83199",
            "a48fb469-feaf-47eb-9088-8a03e1be1465",
            "2543a34d-5f92-44cd-88c7-a8cbbcc53d56",
            "a68039df-0bba-4bba-9749-bcb55fd4e627"
          ]
        }
      ]
    },
    {
      "BlockType": "LINE",
      "Confidence": 99.89276885986328,
      "Text": ".1 bloco de canson A4",
      "Geometry": {
        "BoundingBox": {
          "Width": 0.5186557769775391,
          "Height": 0.03944519907236099,
          "Left": 0.17641271650791168,
          "Top": 0.1534162312746048
        },
        "Polygon": [
          {
            "X": 0.17641271650791168,
            "Y": 0.15341918170452118
          },
          {
            "X": 0.695033073425293,
            "Y": 0.1534162312746048
          },
          {
            "X": 0.6950684785842896,
            "Y": 0.19283035397529602
          },
          {
            "X": 0.17645615339279175,
            "Y": 0.1928614228963852
          }
        ]
      },
      "Id": "b17331c7-d0d2-4d64-a9a7-0bc61bd92a3b",
      "Relationships": [
        {
          "Type": "CHILD",
          "Ids": [
            "39e7eb3c-b259-4340-9f92-81d58bdb9a18",
            "7f4ec82f-db0e-4fc1-b226-d1c64d9b605d",
            "3676ad24-80bf-4843-aeeb-a1ec64ed03ad",
            "65ee4797-047b-4d53-900b-eae0ed88a739",
            "83ae2be2-3605-478a-947a-c1cffdb05bd4"
          ]
        }
      ]
    },
    {
      "BlockType": "LINE",
      "Confidence": 99.65805053710938,
      "Text": ".1 fita adesiva",
      "Geometry": {
        "BoundingBox": {
          "Width": 0.32788974046707153,
          "Height": 0.04038370028138161,
          "Left": 0.17670290172100067,
          "Top": 0.21773101389408112
        },
        "Polygon": [
          {
            "X": 0.17670290172100067,
            "Y": 0.21776187419891357
          },
          {
            "X": 0.5045534372329712,
            "Y": 0.21773101389408112
          },
          {
            "X": 0.5045926570892334,
            "Y": 0.2580656409263611
          },
          {
            "X": 0.17674735188484192,
            "Y": 0.25811469554901123
          }
        ]
      },
      "Id": "ecb358cf-f8d8-41d3-92a0-93878ef4ff1f",
      "Relationships": [
        {
          "Type": "CHILD",
          "Ids": [
            "10e585a7-7705-41f2-897f-a568ba7f8447",
            "b880936a-6588-4213-96a6-dce760e0e3fd",
            "8bc89463-4805-4a0b-bd92-7e3c78ce2991"
          ]
        }
      ]
    },
    {
      "BlockType": "LINE",
      "Confidence": 99.76223754882812,
      "Text": ".5 folhas de cartolina",
      "Geometry": {
        "BoundingBox": {
          "Width": 0.5033780336380005,
          "Height": 0.041011612862348557,
          "Left": 0.17513121664524078,
          "Top": 0.2827196717262268
        },
        "Polygon": [
          {
            "X": 0.17513121664524078,
            "Y": 0.28281208872795105
          },
          {
            "X": 0.6784722208976746,
            "Y": 0.2827196717262268
          },
          {
            "X": 0.6785092353820801,
            "Y": 0.3236105740070343
          },
          {
            "X": 0.17517630755901337,
            "Y": 0.32373130321502686
          }
        ]
      },
      "Id": "694c4440-ff4c-42e5-9f67-f2f831af08ae",
      "Relationships": [
        {
          "Type": "CHILD",
          "Ids": [
            "b5ac603e-eb4b-49d8-8af8-3796140f1105",
            "e7c0ef90-a72b-4be2-967f-55c8f9c724d5",
            "ba81f78b-d728-4c51-80d3-492a11481bbe",
            "687e3522-2857-44c7-b236-901106e45ef2"
          ]
        }
      ]
    },
    {
      "BlockType": "LINE",
      "Confidence": 99.85680389404297,
      "Text": ".3 placas de EVA",
      "Geometry": {
        "BoundingBox": {
          "Width": 0.3898310661315918,
          "Height": 0.04883994907140732,
          "Left": 0.1755165010690689,
          "Top": 0.34904640913009644
        },
        "Polygon": [
          {
            "X": 0.1755165010690689,
            "Y": 0.3491535484790802
          },
          {
            "X": 0.5653013586997986,
            "Y": 0.34904640913009644
          },
          {
            "X": 0.5653475522994995,
            "Y": 0.39775311946868896
          },
          {
            "X": 0.17557018995285034,
            "Y": 0.39788636565208435
          }
        ]
      },
      "Id": "edf15c74-8523-4797-b556-82ec5fa92ed2",
      "Relationships": [
        {
          "Type": "CHILD",
          "Ids": [
            "56c0eb65-1358-4517-b9f8-50a39ba20078",
            "6b9959c1-c388-467a-8f2f-33841cf693ac",
            "86f07d92-f0c6-4a5a-ab91-ef5a6d4636ee",
            "5361d45e-95c3-4016-879f-dfa0533a721d"
          ]
        }
      ]
    },
    {
      "BlockType": "LINE",
      "Confidence": 99.82682800292969,
      "Text": ".1 EVA com gliter",
      "Geometry": {
        "BoundingBox": {
          "Width": 0.40942713618278503,
          "Height": 0.04938608780503273,
          "Left": 0.17610132694244385,
          "Top": 0.41457411646842957
        },
        "Polygon": [
          {
            "X": 0.17610132694244385,
            "Y": 0.4147235155105591
          },
          {
            "X": 0.5854821801185608,
            "Y": 0.41457411646842957
          },
          {
            "X": 0.5855284333229065,
            "Y": 0.4637830853462219
          },
          {
            "X": 0.17615555226802826,
            "Y": 0.463960200548172
          }
        ]
      },
      "Id": "eaf20dc8-1bd5-4889-a008-a44441988e85",
      "Relationships": [
        {
          "Type": "CHILD",
          "Ids": [
            "2ea1aeeb-90fa-4fc9-b93d-3081d4e7e82e",
            "188fe95c-997f-45e1-ae46-bc35c3e7cd1d",
            "5823bb75-3af9-402f-a927-1cc6c5e6eb2e",
            "f371d3d3-ee26-45b8-bd30-8222a3d1f268"
          ]
        }
      ]
    },
    {
      "BlockType": "LINE",
      "Confidence": 99.7813491821289,
      "Text": ".5 papel colorset",
      "Geometry": {
        "BoundingBox": {
          "Width": 0.3976261019706726,
          "Height": 0.048576537519693375,
          "Left": 0.17572210729122162,
          "Top": 0.4794688820838928
        },
        "Polygon": [
          {
            "X": 0.17572210729122162,
            "Y": 0.47964948415756226
          },
          {
            "X": 0.5733024477958679,
            "Y": 0.4794688820838928
          },
          {
            "X": 0.5733482241630554,
            "Y": 0.5278383493423462
          },
          {
            "X": 0.1757754236459732,
            "Y": 0.5280454158782959
          }
        ]
      },
      "Id": "1b309b4f-2012-4d6b-8573-751ba1f1ecf7",
      "Relationships": [
        {
          "Type": "CHILD",
          "Ids": [
            "407849f7-662d-4448-8584-f48577afa95d",
            "5f9e8f59-9a7c-49e2-aee5-7824f0fce9f4",
            "297631f9-e5b6-45bc-b87c-5e2232275fab"
          ]
        }
      ]
    },
    {
      "BlockType": "LINE",
      "Confidence": 99.54499053955078,
      "Text": ".1 caneta permanente",
      "Geometry": {
        "BoundingBox": {
          "Width": 0.5122817158699036,
          "Height": 0.046405255794525146,
          "Left": 0.17637765407562256,
          "Top": 0.5445494055747986
        },
        "Polygon": [
          {
            "X": 0.17637765407562256,
            "Y": 0.5448279976844788
          },
          {
            "X": 0.6886178851127625,
            "Y": 0.5445494055747986
          },
          {
            "X": 0.6886593699455261,
            "Y": 0.590643584728241
          },
          {
            "X": 0.17642846703529358,
            "Y": 0.5909546613693237
          }
        ]
      },
      "Id": "3ed1a59f-3172-4f94-a7a1-1c521abbd511",
      "Relationships": [
        {
          "Type": "CHILD",
          "Ids": [
            "18f1756b-e2a9-453d-9679-ebb8aa355880",
            "966f5d9a-89e8-4be5-89a9-6f9600dd7101",
            "0de27783-600e-4798-aead-6c8ea8c645a4"
          ]
        }
      ]
    },
    {
      "BlockType": "LINE",
      "Confidence": 99.76753234863281,
      "Text": ".1 pacote palito de sorvete",
      "Geometry": {
        "BoundingBox": {
          "Width": 0.6325607299804688,
          "Height": 0.04978127405047417,
          "Left": 0.1746460199356079,
          "Top": 0.6037363409996033
        },
        "Polygon": [
          {
            "X": 0.1746460199356079,
            "Y": 0.6041319370269775
          },
          {
            "X": 0.8071646094322205,
            "Y": 0.6037363409996033
          },
          {
            "X": 0.8072067499160767,
            "Y": 0.653079092502594
          },
          {
            "X": 0.17470045387744904,
            "Y": 0.6535176038742065
          }
        ]
      },
      "Id": "fa91e8d2-3847-44d8-9b47-c0f77a4f5e62",
      "Relationships": [
        {
          "Type": "CHILD",
          "Ids": [
            "585cc376-ee33-4a50-8fe4-63b7151457f1",
            "57fd6ba9-9a77-4539-8654-8c5a3649ed1d",
            "d1ea2af8-e1f3-4b30-aadb-fb57e6eb0ed9",
            "8ee03c0c-489f-47be-8a70-2eb350b19f58",
            "5e2eafb3-b73f-42b6-9e02-ef0687fde48e"
          ]
        }
      ]
    },
    {
      "BlockType": "LINE",
      "Confidence": 99.22631072998047,
      "Text": ".4 papel cart\u00e3o",
      "Geometry": {
        "BoundingBox": {
          "Width": 0.3577690124511719,
          "Height": 0.04885738715529442,
          "Left": 0.17204055190086365,
          "Top": 0.6681714653968811
        },
        "Polygon": [
          {
            "X": 0.17204055190086365,
            "Y": 0.6684268116950989
          },
          {
            "X": 0.5297628045082092,
            "Y": 0.6681714653968811
          },
          {
            "X": 0.5298095941543579,
            "Y": 0.7167496085166931
          },
          {
            "X": 0.1720941662788391,
            "Y": 0.7170288562774658
          }
        ]
      },
      "Id": "a2c5b3bf-b1f9-4d7a-9495-ce6978b662c6",
      "Relationships": [
        {
          "Type": "CHILD",
          "Ids": [
            "5a2cce34-16da-4848-87dc-a3bf45c19cdc",
            "300dd690-8cdf-4a1e-99c6-45e5adc80129",
            "72f472ac-1328-437f-8a2d-59f06c681029"
          ]
        }
      ]
    },
    {
      "BlockType": "LINE",
      "Confidence": 99.61051940917969,
      "Text": ".1 kit leoni n. 1",
      "Geometry": {
        "BoundingBox": {
          "Width": 0.3429196774959564,
          "Height": 0.03986801207065582,
          "Left": 0.17472603917121887,
          "Top": 0.7334267497062683
        },
        "Polygon": [
          {
            "X": 0.17472603917121887,
            "Y": 0.7337023019790649
          },
          {
            "X": 0.5176073908805847,
            "Y": 0.7334267497062683
          },
          {
            "X": 0.5176457166671753,
            "Y": 0.7730005979537964
          },
          {
            "X": 0.17476968467235565,
            "Y": 0.7732947468757629
          }
        ]
      },
      "Id": "3664040a-ec64-4c58-966d-a1170130c028",
      "Relationships": [
        {
          "Type": "CHILD",
          "Ids": [
            "3c7364fd-cba4-4fd2-bad4-b65ccb93c7ee",
            "7250ab95-af52-4d97-9f0a-684ce101b390",
            "44d52045-cc31-4bf8-adb8-0e1cce9790ba",
            "2afd3374-9a58-4f26-94fb-4a75cf3a587e",
            "68d4109d-a485-44fa-bb24-a49a5cf9b6bb"
          ]
        }
      ]
    },
    {
      "BlockType": "LINE",
      "Confidence": 99.15355682373047,
      "Text": ".1 dicion\u00e1rio",
      "Geometry": {
        "BoundingBox": {
          "Width": 0.2911919951438904,
          "Height": 0.039506252855062485,
          "Left": 0.17478692531585693,
          "Top": 0.7994886636734009
        },
        "Polygon": [
          {
            "X": 0.17478692531585693,
            "Y": 0.7997490167617798
          },
          {
            "X": 0.4659401774406433,
            "Y": 0.7994886636734009
          },
          {
            "X": 0.4659789204597473,
            "Y": 0.8387187719345093
          },
          {
            "X": 0.17483018338680267,
            "Y": 0.8389949202537537
          }
        ]
      },
      "Id": "613e5fa6-e8e1-4771-99bc-56dfb50589d5",
      "Relationships": [
        {
          "Type": "CHILD",
          "Ids": [
            "ce170413-1ead-4ee6-9ef6-83621f700412",
            "c347ce0f-0018-440d-82d1-b791a2201f77"
          ]
        }
      ]
    },
    {
      "BlockType": "LINE",
      "Confidence": 99.68244934082031,
      "Text": ".1 pincel n.14",
      "Geometry": {
        "BoundingBox": {
          "Width": 0.30764585733413696,
          "Height": 0.04950089752674103,
          "Left": 0.17042964696884155,
          "Top": 0.8683329820632935
        },
        "Polygon": [
          {
            "X": 0.17042964696884155,
            "Y": 0.868637204170227
          },
          {
            "X": 0.4780271649360657,
            "Y": 0.8683329820632935
          },
          {
            "X": 0.4780755043029785,
            "Y": 0.9175088405609131
          },
          {
            "X": 0.17048396170139313,
            "Y": 0.9178338646888733
          }
        ]
      },
      "Id": "9cf1494f-c911-4921-8f3d-f239909472bf",
      "Relationships": [
        {
          "Type": "CHILD",
          "Ids": [
            "f27da5ad-d671-46e1-b218-63d7136e70a8",
            "719b3b06-cfd1-49b6-873b-6aafce274746",
            "e61d6af5-96ef-4066-8e40-e6ee7f9c303a"
          ]
        }
      ]
    },
    {
      "BlockType": "LINE",
      "Confidence": 99.81520080566406,
      "Text": ".1 pasta 20mm",
      "Geometry": {
        "BoundingBox": {
          "Width": 0.3458671569824219,
          "Height": 0.04799109324812889,
          "Left": 0.17008404433727264,
          "Top": 0.933771014213562
        },
        "Polygon": [
          {
            "X": 0.17008404433727264,
            "Y": 0.9341441988945007
          },
          {
            "X": 0.5159051418304443,
            "Y": 0.933771014213562
          },
          {
            "X": 0.5159512162208557,
            "Y": 0.9813662767410278
          },
          {
            "X": 0.17013661563396454,
            "Y": 0.9817621111869812
          }
        ]
      },
      "Id": "1380d258-c394-43c3-97d2-04d66a30eb08",
      "Relationships": [
        {
          "Type": "CHILD",
          "Ids": [
            "d3eaed48-1e8a-4039-99ea-0e5ee3b0be20",
            "1c24323d-af34-48ee-bc6a-28a07507fe4d",
            "eff0dd0e-6a46-45e8-8469-517820321095"
          ]
        }
      ]
    },
    {
      "BlockType": "WORD",
      "Confidence": 99.82415771484375,
      "Text": "Lista",
      "TextType": "PRINTED",
      "Geometry": {
        "BoundingBox": {
          "Width": 0.11141117662191391,
          "Height": 0.039514247328042984,
          "Left": 0.17536740005016327,
          "Top": 0.023936165496706963
        },
        "Polygon": [
          {
            "X": 0.17536740005016327,
            "Y": 0.023936165496706963
          },
          {
            "X": 0.28673678636550903,
            "Y": 0.02395535819232464
          },
          {
            "X": 0.2867785692214966,
            "Y": 0.0634504109621048
          },
          {
            "X": 0.1754109263420105,
            "Y": 0.06343726813793182
          }
        ]
      },
      "Id": "019f2d34-44fa-4fa3-93cb-cedc42ea9305"
    },
    {
      "BlockType": "WORD",
      "Confidence": 99.83407592773438,
      "Text": "de",
      "TextType": "PRINTED",
      "Geometry": {
        "BoundingBox": {
          "Width": 0.05998687446117401,
          "Height": 0.040924910455942154,
          "Left": 0.2999736964702606,
          "Top": 0.022830333560705185
        },
        "Polygon": [
          {
            "X": 0.2999736964702606,
            "Y": 0.022830333560705185
          },
          {
            "X": 0.3599184453487396,
            "Y": 0.02284075692296028
          },
          {
            "X": 0.35996055603027344,
            "Y": 0.06375524401664734
          },
          {
            "X": 0.30001676082611084,
            "Y": 0.06374819576740265
          }
        ]
      },
      "Id": "85f85acf-fc77-48d4-be62-0f925d9723ae"
    },
    {
      "BlockType": "WORD",
      "Confidence": 99.9203109741211,
      "Text": "Material",
      "TextType": "PRINTED",
      "Geometry": {
        "BoundingBox": {
          "Width": 0.2008209228515625,
          "Height": 0.040812231600284576,
          "Left": 0.3748179078102112,
          "Top": 0.023510262370109558
        },
        "Polygon": [
          {
            "X": 0.3748179078102112,
            "Y": 0.023510262370109558
          },
          {
            "X": 0.5756003260612488,
            "Y": 0.02354499138891697
          },
          {
            "X": 0.5756388306617737,
            "Y": 0.06432249397039413
          },
          {
            "X": 0.37485966086387634,
            "Y": 0.06429903209209442
          }
        ]
      },
      "Id": "9621a371-1a59-4753-93da-01ac01c55f32"
    },
    {
      "BlockType": "WORD",
      "Confidence": 99.86617279052734,
      "Text": "Escolar",
      "TextType": "PRINTED",
      "Geometry": {
        "BoundingBox": {
          "Width": 0.16979940235614777,
          "Height": 0.03963838145136833,
          "Left": 0.5907451510429382,
          "Top": 0.02317902259528637
        },
        "Polygon": [
          {
            "X": 0.5907451510429382,
            "Y": 0.02317902259528637
          },
          {
            "X": 0.7605100274085999,
            "Y": 0.02320847287774086
          },
          {
            "X": 0.7605445384979248,
            "Y": 0.06281740218400955
          },
          {
            "X": 0.5907823443412781,
            "Y": 0.06279720366001129
          }
        ]
      },
      "Id": "3542188b-cfef-4567-8df5-22332567e82c"
    },
    {
      "BlockType": "WORD",
      "Confidence": 99.93473815917969,
      "Text": ".3",
      "TextType": "PRINTED",
      "Geometry": {
        "BoundingBox": {
          "Width": 0.04113513231277466,
          "Height": 0.03774399310350418,
          "Left": 0.1755012720823288,
          "Top": 0.08943869173526764
        },
        "Polygon": [
          {
            "X": 0.1755012720823288,
            "Y": 0.08943869173526764
          },
          {
            "X": 0.21659542620182037,
            "Y": 0.08944207429885864
          },
          {
            "X": 0.21663640439510345,
            "Y": 0.12718269228935242
          },
          {
            "X": 0.17554284632205963,
            "Y": 0.12718144059181213
          }
        ]
      },
      "Id": "e30f7b61-e731-444f-b25c-b1b809ce65ef"
    },
    {
      "BlockType": "WORD",
      "Confidence": 99.52650451660156,
      "Text": "rolos",
      "TextType": "PRINTED",
      "Geometry": {
        "BoundingBox": {
          "Width": 0.12108422070741653,
          "Height": 0.03932713344693184,
          "Left": 0.23252086341381073,
          "Top": 0.08854635059833527
        },
        "Polygon": [
          {
            "X": 0.23252086341381073,
            "Y": 0.08854635059833527
          },
          {
            "X": 0.3535645306110382,
            "Y": 0.08855646103620529
          },
          {
            "X": 0.35360509157180786,
            "Y": 0.1278734803199768
          },
          {
            "X": 0.2325633019208908,
            "Y": 0.12786991894245148
          }
        ]
      },
      "Id": "efd9cb72-73b1-40e2-9f9f-11ef25d83199"
    },
    {
      "BlockType": "WORD",
      "Confidence": 99.88288879394531,
      "Text": "de",
      "TextType": "PRINTED",
      "Geometry": {
        "BoundingBox": {
          "Width": 0.059419285506010056,
          "Height": 0.03901209309697151,
          "Left": 0.3680024743080139,
          "Top": 0.08839720487594604
        },
        "Polygon": [
          {
            "X": 0.3680024743080139,
            "Y": 0.08839720487594604
          },
          {
            "X": 0.4273826479911804,
            "Y": 0.0884021744132042
          },
          {
            "X": 0.4274217486381531,
            "Y": 0.12740929424762726
          },
          {
            "X": 0.3680424988269806,
            "Y": 0.127407506108284
          }
        ]
      },
      "Id": "a48fb469-feaf-47eb-9088-8a03e1be1465"
    },
    {
      "BlockType": "WORD",
      "Confidence": 99.86537170410156,
      "Text": "fita",
      "TextType": "PRINTED",
      "Geometry": {
        "BoundingBox": {
          "Width": 0.08408764004707336,
          "Height": 0.04024028778076172,
          "Left": 0.4400899112224579,
          "Top": 0.08726727217435837
        },
        "Polygon": [
          {
            "X": 0.4400899112224579,
            "Y": 0.08726727217435837
          },
          {
            "X": 0.5241387486457825,
            "Y": 0.0872744470834732
          },
          {
            "X": 0.5241775512695312,
            "Y": 0.12750756740570068
          },
          {
            "X": 0.4401300549507141,
            "Y": 0.12750504910945892
          }
        ]
      },
      "Id": "2543a34d-5f92-44cd-88c7-a8cbbcc53d56"
    },
    {
      "BlockType": "WORD",
      "Confidence": 99.84756469726562,
      "Text": "crepe",
      "TextType": "PRINTED",
      "Geometry": {
        "BoundingBox": {
          "Width": 0.1305174082517624,
          "Height": 0.03801596537232399,
          "Left": 0.5391972661018372,
          "Top": 0.0982840359210968
        },
        "Polygon": [
          {
            "X": 0.5391972661018372,
            "Y": 0.0982840359210968
          },
          {
            "X": 0.6696801781654358,
            "Y": 0.09829318523406982
          },
          {
            "X": 0.6697146892547607,
            "Y": 0.1362999975681305
          },
          {
            "X": 0.5392337441444397,
            "Y": 0.13629767298698425
          }
        ]
      },
      "Id": "a68039df-0bba-4bba-9749-bcb55fd4e627"
    },
    {
      "BlockType": "WORD",
      "Confidence": 99.85377502441406,
      "Text": ".1",
      "TextType": "PRINTED",
      "Geometry": {
        "BoundingBox": {
          "Width": 0.03497889265418053,
          "Height": 0.038767457008361816,
          "Left": 0.17641326785087585,
          "Top": 0.15393036603927612
        },
        "Polygon": [
          {
            "X": 0.17641326785087585,
            "Y": 0.15393058955669403
          },
          {
            "X": 0.21135000884532928,
            "Y": 0.15393036603927612
          },
          {
            "X": 0.21139216423034668,
            "Y": 0.1926957368850708
          },
          {
            "X": 0.17645597457885742,
            "Y": 0.19269782304763794
          }
        ]
      },
      "Id": "39e7eb3c-b259-4340-9f92-81d58bdb9a18"
    },
    {
      "BlockType": "WORD",
      "Confidence": 99.8666763305664,
      "Text": "bloco",
      "TextType": "PRINTED",
      "Geometry": {
        "BoundingBox": {
          "Width": 0.130680114030838,
          "Height": 0.03944019600749016,
          "Left": 0.2278948426246643,
          "Top": 0.1534181386232376
        },
        "Polygon": [
          {
            "X": 0.2278948426246643,
            "Y": 0.1534188836812973
          },
          {
            "X": 0.3585343360900879,
            "Y": 0.1534181386232376
          },
          {
            "X": 0.3585749566555023,
            "Y": 0.1928505152463913
          },
          {
            "X": 0.2279374897480011,
            "Y": 0.19285833835601807
          }
        ]
      },
      "Id": "7f4ec82f-db0e-4fc1-b226-d1c64d9b605d"
    },
    {
      "BlockType": "WORD",
      "Confidence": 99.88811492919922,
      "Text": "de",
      "TextType": "PRINTED",
      "Geometry": {
        "BoundingBox": {
          "Width": 0.059292905032634735,
          "Height": 0.03845066949725151,
          "Left": 0.3729163408279419,
          "Top": 0.15390388667583466
        },
        "Polygon": [
          {
            "X": 0.3729163408279419,
            "Y": 0.1539042592048645
          },
          {
            "X": 0.4321707785129547,
            "Y": 0.15390388667583466
          },
          {
            "X": 0.4322092533111572,
            "Y": 0.19235104322433472
          },
          {
            "X": 0.3729557394981384,
            "Y": 0.19235454499721527
          }
        ]
      },
      "Id": "3676ad24-80bf-4843-aeeb-a1ec64ed03ad"
    },
    {
      "BlockType": "WORD",
      "Confidence": 99.91585540771484,
      "Text": "canson",
      "TextType": "PRINTED",
      "Geometry": {
        "BoundingBox": {
          "Width": 0.16627264022827148,
          "Height": 0.029264410957694054,
          "Left": 0.4466949999332428,
          "Top": 0.163352370262146
        },
        "Polygon": [
          {
            "X": 0.4466949999332428,
            "Y": 0.16335558891296387
          },
          {
            "X": 0.6129404306411743,
            "Y": 0.163352370262146
          },
          {
            "X": 0.6129676699638367,
            "Y": 0.1926068663597107
          },
          {
            "X": 0.44672414660453796,
            "Y": 0.1926167756319046
          }
        ]
      },
      "Id": "65ee4797-047b-4d53-900b-eae0ed88a739"
    },
    {
      "BlockType": "WORD",
      "Confidence": 99.93941497802734,
      "Text": "A4",
      "TextType": "PRINTED",
      "Geometry": {
        "BoundingBox": {
          "Width": 0.06905431300401688,
          "Height": 0.03686215728521347,
          "Left": 0.6260136365890503,
          "Top": 0.15540167689323425
        },
        "Polygon": [
          {
            "X": 0.6260136365890503,
            "Y": 0.1554022580385208
          },
          {
            "X": 0.6950348615646362,
            "Y": 0.15540167689323425
          },
          {
            "X": 0.6950679421424866,
            "Y": 0.1922597438097
          },
          {
            "X": 0.6260477304458618,
            "Y": 0.19226382672786713
          }
        ]
      },
      "Id": "83ae2be2-3605-478a-947a-c1cffdb05bd4"
    },
    {
      "BlockType": "WORD",
      "Confidence": 99.8457260131836,
      "Text": ".1",
      "TextType": "PRINTED",
      "Geometry": {
        "BoundingBox": {
          "Width": 0.034921322017908096,
          "Height": 0.03865732625126839,
          "Left": 0.1767047792673111,
          "Top": 0.21945738792419434
        },
        "Polygon": [
          {
            "X": 0.1767047792673111,
            "Y": 0.21946074068546295
          },
          {
            "X": 0.21158406138420105,
            "Y": 0.21945738792419434
          },
          {
            "X": 0.2116260975599289,
            "Y": 0.2581094801425934
          },
          {
            "X": 0.17674735188484192,
            "Y": 0.25811469554901123
          }
        ]
      },
      "Id": "10e585a7-7705-41f2-897f-a568ba7f8447"
    },
    {
      "BlockType": "WORD",
      "Confidence": 99.90886688232422,
      "Text": "fita",
      "TextType": "PRINTED",
      "Geometry": {
        "BoundingBox": {
          "Width": 0.08417695015668869,
          "Height": 0.04018216207623482,
          "Left": 0.2262008786201477,
          "Top": 0.21774929761886597
        },
        "Polygon": [
          {
            "X": 0.2262008786201477,
            "Y": 0.2177572250366211
          },
          {
            "X": 0.3103356957435608,
            "Y": 0.21774929761886597
          },
          {
            "X": 0.310377836227417,
            "Y": 0.2579188942909241
          },
          {
            "X": 0.22624433040618896,
            "Y": 0.2579314708709717
          }
        ]
      },
      "Id": "b880936a-6588-4213-96a6-dce760e0e3fd"
    },
    {
      "BlockType": "WORD",
      "Confidence": 99.21955108642578,
      "Text": "adesiva",
      "TextType": "PRINTED",
      "Geometry": {
        "BoundingBox": {
          "Width": 0.18028093874454498,
          "Height": 0.03904101252555847,
          "Left": 0.3243117034435272,
          "Top": 0.21904811263084412
        },
        "Polygon": [
          {
            "X": 0.3243117034435272,
            "Y": 0.21906541287899017
          },
          {
            "X": 0.5045546889305115,
            "Y": 0.21904811263084412
          },
          {
            "X": 0.5045926570892334,
            "Y": 0.2580621540546417
          },
          {
            "X": 0.3243524432182312,
            "Y": 0.2580891251564026
          }
        ]
      },
      "Id": "8bc89463-4805-4a0b-bd92-7e3c78ce2991"
    },
    {
      "BlockType": "WORD",
      "Confidence": 99.88356018066406,
      "Text": ".5",
      "TextType": "PRINTED",
      "Geometry": {
        "BoundingBox": {
          "Width": 0.041721537709236145,
          "Height": 0.0380314439535141,
          "Left": 0.17513349652290344,
          "Top": 0.2848778963088989
        },
        "Polygon": [
          {
            "X": 0.17513349652290344,
            "Y": 0.2848856747150421
          },
          {
            "X": 0.21681377291679382,
            "Y": 0.2848778963088989
          },
          {
            "X": 0.2168550342321396,
            "Y": 0.32289940118789673
          },
          {
            "X": 0.17517539858818054,
            "Y": 0.3229093551635742
          }
        ]
      },
      "Id": "b5ac603e-eb4b-49d8-8af8-3796140f1105"
    },
    {
      "BlockType": "WORD",
      "Confidence": 99.9007568359375,
      "Text": "folhas",
      "TextType": "PRINTED",
      "Geometry": {
        "BoundingBox": {
          "Width": 0.14799563586711884,
          "Height": 0.04005802795290947,
          "Left": 0.23240427672863007,
          "Top": 0.282774418592453
        },
        "Polygon": [
          {
            "X": 0.23240427672863007,
            "Y": 0.2828015983104706
          },
          {
            "X": 0.38035905361175537,
            "Y": 0.282774418592453
          },
          {
            "X": 0.3803999125957489,
            "Y": 0.32279714941978455
          },
          {
            "X": 0.23244749009609222,
            "Y": 0.3228324353694916
          }
        ]
      },
      "Id": "e7c0ef90-a72b-4be2-967f-55c8f9c724d5"
    },
    {
      "BlockType": "WORD",
      "Confidence": 99.87333679199219,
      "Text": "de",
      "TextType": "PRINTED",
      "Geometry": {
        "BoundingBox": {
          "Width": 0.05953451991081238,
          "Height": 0.039662089198827744,
          "Left": 0.3943348824977875,
          "Top": 0.28312185406684875
        },
        "Polygon": [
          {
            "X": 0.3943348824977875,
            "Y": 0.28313279151916504
          },
          {
            "X": 0.4538300633430481,
            "Y": 0.28312185406684875
          },
          {
            "X": 0.45386940240859985,
            "Y": 0.32276973128318787
          },
          {
            "X": 0.39437517523765564,
            "Y": 0.3227839171886444
          }
        ]
      },
      "Id": "ba81f78b-d728-4c51-80d3-492a11481bbe"
    },
    {
      "BlockType": "WORD",
      "Confidence": 99.39128112792969,
      "Text": "cartolina",
      "TextType": "PRINTED",
      "Geometry": {
        "BoundingBox": {
          "Width": 0.21173778176307678,
          "Height": 0.03965144231915474,
          "Left": 0.4667714536190033,
          "Top": 0.2840099036693573
        },
        "Polygon": [
          {
            "X": 0.4667714536190033,
            "Y": 0.2840491533279419
          },
          {
            "X": 0.6784734129905701,
            "Y": 0.2840099036693573
          },
          {
            "X": 0.6785092353820801,
            "Y": 0.3236105740070343
          },
          {
            "X": 0.46681055426597595,
            "Y": 0.32366135716438293
          }
        ]
      },
      "Id": "687e3522-2857-44c7-b236-901106e45ef2"
    },
    {
      "BlockType": "WORD",
      "Confidence": 99.94989013671875,
      "Text": ".3",
      "TextType": "PRINTED",
      "Geometry": {
        "BoundingBox": {
          "Width": 0.040781233459711075,
          "Height": 0.038351576775312424,
          "Left": 0.17551760375499725,
          "Top": 0.35014548897743225
        },
        "Polygon": [
          {
            "X": 0.17551760375499725,
            "Y": 0.3501567542552948
          },
          {
            "X": 0.2162572145462036,
            "Y": 0.35014548897743225
          },
          {
            "X": 0.21629884839057922,
            "Y": 0.3884836733341217
          },
          {
            "X": 0.1755598485469818,
            "Y": 0.3884970545768738
          }
        ]
      },
      "Id": "56c0eb65-1358-4517-b9f8-50a39ba20078"
    },
    {
      "BlockType": "WORD",
      "Confidence": 99.67391204833984,
      "Text": "placas",
      "TextType": "PRINTED",
      "Geometry": {
        "BoundingBox": {
          "Width": 0.14895986020565033,
          "Height": 0.048346906900405884,
          "Left": 0.2323465347290039,
          "Top": 0.3495200276374817
        },
        "Polygon": [
          {
            "X": 0.2323465347290039,
            "Y": 0.34956103563308716
          },
          {
            "X": 0.3812570869922638,
            "Y": 0.3495200276374817
          },
          {
            "X": 0.38130638003349304,
            "Y": 0.3978160321712494
          },
          {
            "X": 0.23239867389202118,
            "Y": 0.3978669345378876
          }
        ]
      },
      "Id": "6b9959c1-c388-467a-8f2f-33841cf693ac"
    },
    {
      "BlockType": "WORD",
      "Confidence": 99.89221954345703,
      "Text": "de",
      "TextType": "PRINTED",
      "Geometry": {
        "BoundingBox": {
          "Width": 0.058505624532699585,
          "Height": 0.038913533091545105,
          "Left": 0.39601805806159973,
          "Top": 0.34907686710357666
        },
        "Polygon": [
          {
            "X": 0.39601805806159973,
            "Y": 0.34909293055534363
          },
          {
            "X": 0.45448508858680725,
            "Y": 0.34907686710357666
          },
          {
            "X": 0.4545236825942993,
            "Y": 0.3879711925983429
          },
          {
            "X": 0.3960575461387634,
            "Y": 0.38799041509628296
          }
        ]
      },
      "Id": "86f07d92-f0c6-4a5a-ab91-ef5a6d4636ee"
    },
    {
      "BlockType": "WORD",
      "Confidence": 99.91118621826172,
      "Text": "EVA",
      "TextType": "PRINTED",
      "Geometry": {
        "BoundingBox": {
          "Width": 0.09542109072208405,
          "Height": 0.036446843296289444,
          "Left": 0.4699169397354126,
          "Top": 0.35129088163375854
        },
        "Polygon": [
          {
            "X": 0.4699169397354126,
            "Y": 0.3513173758983612
          },
          {
            "X": 0.5653035044670105,
            "Y": 0.35129088163375854
          },
          {
            "X": 0.5653380155563354,
            "Y": 0.3877064287662506
          },
          {
            "X": 0.46995285153388977,
            "Y": 0.3877377212047577
          }
        ]
      },
      "Id": "5361d45e-95c3-4016-879f-dfa0533a721d"
    },
    {
      "BlockType": "WORD",
      "Confidence": 99.84791564941406,
      "Text": ".1",
      "TextType": "PRINTED",
      "Geometry": {
        "BoundingBox": {
          "Width": 0.03549418970942497,
          "Height": 0.03913063928484917,
          "Left": 0.17610132694244385,
          "Top": 0.4147105813026428
        },
        "Polygon": [
          {
            "X": 0.17610132694244385,
            "Y": 0.4147235155105591
          },
          {
            "X": 0.2115529626607895,
            "Y": 0.4147105813026428
          },
          {
            "X": 0.21159550547599792,
            "Y": 0.453826367855072
          },
          {
            "X": 0.17614440619945526,
            "Y": 0.4538412392139435
          }
        ]
      },
      "Id": "2ea1aeeb-90fa-4fc9-b93d-3081d4e7e82e"
    },
    {
      "BlockType": "WORD",
      "Confidence": 99.90824127197266,
      "Text": "EVA",
      "TextType": "PRINTED",
      "Geometry": {
        "BoundingBox": {
          "Width": 0.09615864604711533,
          "Height": 0.03697655349969864,
          "Left": 0.22876319289207458,
          "Top": 0.41608738899230957
        },
        "Polygon": [
          {
            "X": 0.22876319289207458,
            "Y": 0.4161226451396942
          },
          {
            "X": 0.3248833119869232,
            "Y": 0.41608738899230957
          },
          {
            "X": 0.3249218463897705,
            "Y": 0.4530237913131714
          },
          {
            "X": 0.2288031280040741,
            "Y": 0.4530639350414276
          }
        ]
      },
      "Id": "188fe95c-997f-45e1-ae46-bc35c3e7cd1d"
    },
    {
      "BlockType": "WORD",
      "Confidence": 99.75748443603516,
      "Text": "com",
      "TextType": "PRINTED",
      "Geometry": {
        "BoundingBox": {
          "Width": 0.10134638845920563,
          "Height": 0.028560439124703407,
          "Left": 0.3393794596195221,
          "Top": 0.424807071685791
        },
        "Polygon": [
          {
            "X": 0.3393794596195221,
            "Y": 0.42484548687934875
          },
          {
            "X": 0.44069740176200867,
            "Y": 0.424807071685791
          },
          {
            "X": 0.4407258629798889,
            "Y": 0.45332515239715576
          },
          {
            "X": 0.3394090533256531,
            "Y": 0.45336753129959106
          }
        ]
      },
      "Id": "5823bb75-3af9-402f-a927-1cc6c5e6eb2e"
    },
    {
      "BlockType": "WORD",
      "Confidence": 99.79368591308594,
      "Text": "gliter",
      "TextType": "PRINTED",
      "Geometry": {
        "BoundingBox": {
          "Width": 0.1312907338142395,
          "Height": 0.04893392696976662,
          "Left": 0.4542377293109894,
          "Top": 0.41490593552589417
        },
        "Polygon": [
          {
            "X": 0.4542377293109894,
            "Y": 0.41495388746261597
          },
          {
            "X": 0.5854824781417847,
            "Y": 0.41490593552589417
          },
          {
            "X": 0.5855284333229065,
            "Y": 0.4637830853462219
          },
          {
            "X": 0.45428624749183655,
            "Y": 0.4638398587703705
          }
        ]
      },
      "Id": "f371d3d3-ee26-45b8-bd30-8222a3d1f268"
    },
    {
      "BlockType": "WORD",
      "Confidence": 99.91109466552734,
      "Text": ".5",
      "TextType": "PRINTED",
      "Geometry": {
        "BoundingBox": {
          "Width": 0.041069868952035904,
          "Height": 0.03757945075631142,
          "Left": 0.17572344839572906,
          "Top": 0.48084792494773865
        },
        "Polygon": [
          {
            "X": 0.17572344839572906,
            "Y": 0.4808666408061981
          },
          {
            "X": 0.2167525440454483,
            "Y": 0.48084792494773865
          },
          {
            "X": 0.21679331362247467,
            "Y": 0.5184065699577332
          },
          {
            "X": 0.17576482892036438,
            "Y": 0.5184273719787598
          }
        ]
      },
      "Id": "407849f7-662d-4448-8584-f48577afa95d"
    },
    {
      "BlockType": "WORD",
      "Confidence": 99.49115753173828,
      "Text": "papel",
      "TextType": "PRINTED",
      "Geometry": {
        "BoundingBox": {
          "Width": 0.12987355887889862,
          "Height": 0.04845106601715088,
          "Left": 0.23350007832050323,
          "Top": 0.47956424951553345
        },
        "Polygon": [
          {
            "X": 0.23350007832050323,
            "Y": 0.4796232283115387
          },
          {
            "X": 0.3633238971233368,
            "Y": 0.47956424951553345
          },
          {
            "X": 0.36337363719940186,
            "Y": 0.527947723865509
          },
          {
            "X": 0.23355230689048767,
            "Y": 0.5280153155326843
          }
        ]
      },
      "Id": "5f9e8f59-9a7c-49e2-aee5-7824f0fce9f4"
    },
    {
      "BlockType": "WORD",
      "Confidence": 99.94178009033203,
      "Text": "colorset",
      "TextType": "PRINTED",
      "Geometry": {
        "BoundingBox": {
          "Width": 0.1940353661775589,
          "Height": 0.03860652446746826,
          "Left": 0.37930384278297424,
          "Top": 0.47982126474380493
        },
        "Polygon": [
          {
            "X": 0.37930384278297424,
            "Y": 0.4799094796180725
          },
          {
            "X": 0.5733028054237366,
            "Y": 0.47982126474380493
          },
          {
            "X": 0.5733392238616943,
            "Y": 0.5183293223381042
          },
          {
            "X": 0.3793432116508484,
            "Y": 0.5184277892112732
          }
        ]
      },
      "Id": "297631f9-e5b6-45bc-b87c-5e2232275fab"
    },
    {
      "BlockType": "WORD",
      "Confidence": 99.83271026611328,
      "Text": ".1",
      "TextType": "PRINTED",
      "Geometry": {
        "BoundingBox": {
          "Width": 0.03489207103848457,
          "Height": 0.03899022191762924,
          "Left": 0.17637765407562256,
          "Top": 0.5448090434074402
        },
        "Polygon": [
          {
            "X": 0.17637765407562256,
            "Y": 0.5448279976844788
          },
          {
            "X": 0.21122734248638153,
            "Y": 0.5448090434074402
          },
          {
            "X": 0.21126972138881683,
            "Y": 0.583778440952301
          },
          {
            "X": 0.17642058432102203,
            "Y": 0.5837992429733276
          }
        ]
      },
      "Id": "18f1756b-e2a9-453d-9679-ebb8aa355880"
    },
    {
      "BlockType": "WORD",
      "Confidence": 99.81035614013672,
      "Text": "caneta",
      "TextType": "PRINTED",
      "Geometry": {
        "BoundingBox": {
          "Width": 0.157039076089859,
          "Height": 0.036714643239974976,
          "Left": 0.2269849330186844,
          "Top": 0.5479767918586731
        },
        "Polygon": [
          {
            "X": 0.2269849330186844,
            "Y": 0.5480628609657288
          },
          {
            "X": 0.3839866518974304,
            "Y": 0.5479767918586731
          },
          {
            "X": 0.3840239942073822,
            "Y": 0.5845974087715149
          },
          {
            "X": 0.22702454030513763,
            "Y": 0.5846914052963257
          }
        ]
      },
      "Id": "966f5d9a-89e8-4be5-89a9-6f9600dd7101"
    },
    {
      "BlockType": "WORD",
      "Confidence": 98.9919204711914,
      "Text": "permanente",
      "TextType": "PRINTED",
      "Geometry": {
        "BoundingBox": {
          "Width": 0.2883912920951843,
          "Height": 0.04168307036161423,
          "Left": 0.4002680778503418,
          "Top": 0.5491356253623962
        },
        "Polygon": [
          {
            "X": 0.4002680778503418,
            "Y": 0.5492942333221436
          },
          {
            "X": 0.688621997833252,
            "Y": 0.5491356253623962
          },
          {
            "X": 0.6886593699455261,
            "Y": 0.590643584728241
          },
          {
            "X": 0.4003101587295532,
            "Y": 0.5908187031745911
          }
        ]
      },
      "Id": "0de27783-600e-4798-aead-6c8ea8c645a4"
    },
    {
      "BlockType": "WORD",
      "Confidence": 99.8282241821289,
      "Text": ".1",
      "TextType": "PRINTED",
      "Geometry": {
        "BoundingBox": {
          "Width": 0.03444376960396767,
          "Height": 0.03891410306096077,
          "Left": 0.17464657127857208,
          "Top": 0.6046130657196045
        },
        "Polygon": [
          {
            "X": 0.17464657127857208,
            "Y": 0.6046346426010132
          },
          {
            "X": 0.20904800295829773,
            "Y": 0.6046130657196045
          },
          {
            "X": 0.20909033715724945,
            "Y": 0.6435038447380066
          },
          {
            "X": 0.17468944191932678,
            "Y": 0.6435272097587585
          }
        ]
      },
      "Id": "585cc376-ee33-4a50-8fe4-63b7151457f1"
    },
    {
      "BlockType": "WORD",
      "Confidence": 99.71918487548828,
      "Text": "pacote",
      "TextType": "PRINTED",
      "Geometry": {
        "BoundingBox": {
          "Width": 0.16291259229183197,
          "Height": 0.04520075395703316,
          "Left": 0.22445109486579895,
          "Top": 0.6072460412979126
        },
        "Polygon": [
          {
            "X": 0.22445109486579895,
            "Y": 0.607348620891571
          },
          {
            "X": 0.3873177468776703,
            "Y": 0.6072460412979126
          },
          {
            "X": 0.3873637020587921,
            "Y": 0.6523340940475464
          },
          {
            "X": 0.2244999259710312,
            "Y": 0.6524468064308167
          }
        ]
      },
      "Id": "57fd6ba9-9a77-4539-8654-8c5a3649ed1d"
    },
    {
      "BlockType": "WORD",
      "Confidence": 99.70904541015625,
      "Text": "palito",
      "TextType": "PRINTED",
      "Geometry": {
        "BoundingBox": {
          "Width": 0.13968013226985931,
          "Height": 0.04912431538105011,
          "Left": 0.4004863202571869,
          "Top": 0.6042367219924927
        },
        "Polygon": [
          {
            "X": 0.4004863202571869,
            "Y": 0.6043241620063782
          },
          {
            "X": 0.540119469165802,
            "Y": 0.6042367219924927
          },
          {
            "X": 0.540166437625885,
            "Y": 0.6532642245292664
          },
          {
            "X": 0.4005360007286072,
            "Y": 0.6533610820770264
          }
        ]
      },
      "Id": "d1ea2af8-e1f3-4b30-aadb-fb57e6eb0ed9"
    },
    {
      "BlockType": "WORD",
      "Confidence": 99.86347198486328,
      "Text": "de",
      "TextType": "PRINTED",
      "Geometry": {
        "BoundingBox": {
          "Width": 0.05902574211359024,
          "Height": 0.039647459983825684,
          "Left": 0.5540652275085449,
          "Top": 0.6038577556610107
        },
        "Polygon": [
          {
            "X": 0.5540652275085449,
            "Y": 0.6038946509361267
          },
          {
            "X": 0.6130541563034058,
            "Y": 0.6038577556610107
          },
          {
            "X": 0.613090991973877,
            "Y": 0.6434651017189026
          },
          {
            "X": 0.5541030168533325,
            "Y": 0.6435052156448364
          }
        ]
      },
      "Id": "8ee03c0c-489f-47be-8a70-2eb350b19f58"
    },
    {
      "BlockType": "WORD",
      "Confidence": 99.71772766113281,
      "Text": "sorvete",
      "TextType": "PRINTED",
      "Geometry": {
        "BoundingBox": {
          "Width": 0.1804049015045166,
          "Height": 0.035996582359075546,
          "Left": 0.6267936825752258,
          "Top": 0.6076351404190063
        },
        "Polygon": [
          {
            "X": 0.6267936825752258,
            "Y": 0.6077489256858826
          },
          {
            "X": 0.8071679472923279,
            "Y": 0.6076351404190063
          },
          {
            "X": 0.8071985840797424,
            "Y": 0.643509030342102
          },
          {
            "X": 0.6268268823623657,
            "Y": 0.6436317563056946
          }
        ]
      },
      "Id": "5e2eafb3-b73f-42b6-9e02-ef0687fde48e"
    },
    {
      "BlockType": "WORD",
      "Confidence": 99.97367858886719,
      "Text": ".4",
      "TextType": "PRINTED",
      "Geometry": {
        "BoundingBox": {
          "Width": 0.04651159048080444,
          "Height": 0.03730378672480583,
          "Left": 0.17204253375530243,
          "Top": 0.6701958179473877
        },
        "Polygon": [
          {
            "X": 0.17204253375530243,
            "Y": 0.6702290773391724
          },
          {
            "X": 0.21851368248462677,
            "Y": 0.6701958179473877
          },
          {
            "X": 0.21855412423610687,
            "Y": 0.7074639201164246
          },
          {
            "X": 0.17208366096019745,
            "Y": 0.7074995636940002
          }
        ]
      },
      "Id": "5a2cce34-16da-4848-87dc-a3bf45c19cdc"
    },
    {
      "BlockType": "WORD",
      "Confidence": 99.59132385253906,
      "Text": "papel",
      "TextType": "PRINTED",
      "Geometry": {
        "BoundingBox": {
          "Width": 0.1308988630771637,
          "Height": 0.04806109517812729,
          "Left": 0.2316008061170578,
          "Top": 0.6689212322235107
        },
        "Polygon": [
          {
            "X": 0.2316008061170578,
            "Y": 0.6690147519111633
          },
          {
            "X": 0.36245033144950867,
            "Y": 0.6689212322235107
          },
          {
            "X": 0.3624996840953827,
            "Y": 0.716880202293396
          },
          {
            "X": 0.2316526174545288,
            "Y": 0.716982364654541
          }
        ]
      },
      "Id": "300dd690-8cdf-4a1e-99c6-45e5adc80129"
    },
    {
      "BlockType": "WORD",
      "Confidence": 98.11392974853516,
      "Text": "cart\u00e3o",
      "TextType": "PRINTED",
      "Geometry": {
        "BoundingBox": {
          "Width": 0.15198791027069092,
          "Height": 0.040105268359184265,
          "Left": 0.3778133690357208,
          "Top": 0.6681714653968811
        },
        "Polygon": [
          {
            "X": 0.3778133690357208,
            "Y": 0.6682798862457275
          },
          {
            "X": 0.5297628045082092,
            "Y": 0.6681714653968811
          },
          {
            "X": 0.5298013091087341,
            "Y": 0.7081599235534668
          },
          {
            "X": 0.37785428762435913,
            "Y": 0.7082767486572266
          }
        ]
      },
      "Id": "72f472ac-1328-437f-8a2d-59f06c681029"
    },
    {
      "BlockType": "WORD",
      "Confidence": 99.85826873779297,
      "Text": ".1",
      "TextType": "PRINTED",
      "Geometry": {
        "BoundingBox": {
          "Width": 0.034483447670936584,
          "Height": 0.038534730672836304,
          "Left": 0.17472697794437408,
          "Top": 0.734531044960022
        },
        "Polygon": [
          {
            "X": 0.17472697794437408,
            "Y": 0.7345587611198425
          },
          {
            "X": 0.20916850864887238,
            "Y": 0.734531044960022
          },
          {
            "X": 0.20921042561531067,
            "Y": 0.7730362415313721
          },
          {
            "X": 0.17476943135261536,
            "Y": 0.7730658054351807
          }
        ]
      },
      "Id": "3c7364fd-cba4-4fd2-bad4-b65ccb93c7ee"
    },
    {
      "BlockType": "WORD",
      "Confidence": 98.9295654296875,
      "Text": "kit",
      "TextType": "PRINTED",
      "Geometry": {
        "BoundingBox": {
          "Width": 0.06536021083593369,
          "Height": 0.039642225950956345,
          "Left": 0.22520935535430908,
          "Top": 0.7336091995239258
        },
        "Polygon": [
          {
            "X": 0.22520935535430908,
            "Y": 0.7336617112159729
          },
          {
            "X": 0.29052773118019104,
            "Y": 0.7336091995239258
          },
          {
            "X": 0.29056957364082336,
            "Y": 0.7731953859329224
          },
          {
            "X": 0.2252522110939026,
            "Y": 0.773251473903656
          }
        ]
      },
      "Id": "7250ab95-af52-4d97-9f0a-684ce101b390"
    },
    {
      "BlockType": "WORD",
      "Confidence": 99.78523254394531,
      "Text": "leoni",
      "TextType": "PRINTED",
      "Geometry": {
        "BoundingBox": {
          "Width": 0.11752951145172119,
          "Height": 0.039478499442338943,
          "Left": 0.3040057122707367,
          "Top": 0.7336177229881287
        },
        "Polygon": [
          {
            "X": 0.3040057122707367,
            "Y": 0.7337121367454529
          },
          {
            "X": 0.42149561643600464,
            "Y": 0.7336177229881287
          },
          {
            "X": 0.4215352237224579,
            "Y": 0.7729954123497009
          },
          {
            "X": 0.3040471076965332,
            "Y": 0.7730962038040161
          }
        ]
      },
      "Id": "44d52045-cc31-4bf8-adb8-0e1cce9790ba"
    },
    {
      "BlockType": "WORD",
      "Confidence": 99.60810089111328,
      "Text": "n.",
      "TextType": "PRINTED",
      "Geometry": {
        "BoundingBox": {
          "Width": 0.04547929763793945,
          "Height": 0.028920387849211693,
          "Left": 0.4358138144016266,
          "Top": 0.7440271377563477
        },
        "Polygon": [
          {
            "X": 0.4358138144016266,
            "Y": 0.7440643310546875
          },
          {
            "X": 0.48126474022865295,
            "Y": 0.7440271377563477
          },
          {
            "X": 0.48129311203956604,
            "Y": 0.7729085683822632
          },
          {
            "X": 0.43584269285202026,
            "Y": 0.7729475498199463
          }
        ]
      },
      "Id": "2afd3374-9a58-4f26-94fb-4a75cf3a587e"
    },
    {
      "BlockType": "WORD",
      "Confidence": 99.8714370727539,
      "Text": "1",
      "TextType": "PRINTED",
      "Geometry": {
        "BoundingBox": {
          "Width": 0.022381450980901718,
          "Height": 0.037910863757133484,
          "Left": 0.49526363611221313,
          "Top": 0.7344698309898376
        },
        "Polygon": [
          {
            "X": 0.49526363611221313,
            "Y": 0.7344878315925598
          },
          {
            "X": 0.5176084041595459,
            "Y": 0.7344698309898376
          },
          {
            "X": 0.5176450610160828,
            "Y": 0.7723615765571594
          },
          {
            "X": 0.49530062079429626,
            "Y": 0.7723807096481323
          }
        ]
      },
      "Id": "68d4109d-a485-44fa-bb24-a49a5cf9b6bb"
    },
    {
      "BlockType": "WORD",
      "Confidence": 99.88333892822266,
      "Text": ".1",
      "TextType": "PRINTED",
      "Geometry": {
        "BoundingBox": {
          "Width": 0.03451179340481758,
          "Height": 0.039009664207696915,
          "Left": 0.17478697001934052,
          "Top": 0.7997614145278931
        },
        "Polygon": [
          {
            "X": 0.17478697001934052,
            "Y": 0.7997922301292419
          },
          {
            "X": 0.2092563360929489,
            "Y": 0.7997614145278931
          },
          {
            "X": 0.209298774600029,
            "Y": 0.8387383818626404
          },
          {
            "X": 0.17482994496822357,
            "Y": 0.8387710452079773
          }
        ]
      },
      "Id": "ce170413-1ead-4ee6-9ef6-83621f700412"
    },
    {
      "BlockType": "WORD",
      "Confidence": 98.42376708984375,
      "Text": "dicion\u00e1rio",
      "TextType": "PRINTED",
      "Geometry": {
        "BoundingBox": {
          "Width": 0.24154028296470642,
          "Height": 0.039459168910980225,
          "Left": 0.2244386374950409,
          "Top": 0.7994886636734009
        },
        "Polygon": [
          {
            "X": 0.2244386374950409,
            "Y": 0.7997046113014221
          },
          {
            "X": 0.4659401774406433,
            "Y": 0.7994886636734009
          },
          {
            "X": 0.4659789204597473,
            "Y": 0.8387187719345093
          },
          {
            "X": 0.22448113560676575,
            "Y": 0.8389478325843811
          }
        ]
      },
      "Id": "c347ce0f-0018-440d-82d1-b791a2201f77"
    },
    {
      "BlockType": "WORD",
      "Confidence": 99.85364532470703,
      "Text": ".1",
      "TextType": "PRINTED",
      "Geometry": {
        "BoundingBox": {
          "Width": 0.033902861177921295,
          "Height": 0.038525961339473724,
          "Left": 0.170430526137352,
          "Top": 0.869390606880188
        },
        "Polygon": [
          {
            "X": 0.170430526137352,
            "Y": 0.8694241642951965
          },
          {
            "X": 0.20429140329360962,
            "Y": 0.869390606880188
          },
          {
            "X": 0.2043333798646927,
            "Y": 0.9078812599182129
          },
          {
            "X": 0.17047302424907684,
            "Y": 0.9079165458679199
          }
        ]
      },
      "Id": "f27da5ad-d671-46e1-b218-63d7136e70a8"
    },
    {
      "BlockType": "WORD",
      "Confidence": 99.53756713867188,
      "Text": "pincel",
      "TextType": "PRINTED",
      "Geometry": {
        "BoundingBox": {
          "Width": 0.1423565000295639,
          "Height": 0.04933399707078934,
          "Left": 0.22096508741378784,
          "Top": 0.8684464693069458
        },
        "Polygon": [
          {
            "X": 0.22096508741378784,
            "Y": 0.8685872554779053
          },
          {
            "X": 0.36327099800109863,
            "Y": 0.8684464693069458
          },
          {
            "X": 0.36332157254219055,
            "Y": 0.917630136013031
          },
          {
            "X": 0.22101841866970062,
            "Y": 0.9177804589271545
          }
        ]
      },
      "Id": "719b3b06-cfd1-49b6-873b-6aafce274746"
    },
    {
      "BlockType": "WORD",
      "Confidence": 99.65614318847656,
      "Text": "n.14",
      "TextType": "PRINTED",
      "Geometry": {
        "BoundingBox": {
          "Width": 0.09986745566129684,
          "Height": 0.03754239156842232,
          "Left": 0.3781985342502594,
          "Top": 0.8703939914703369
        },
        "Polygon": [
          {
            "X": 0.3781985342502594,
            "Y": 0.8704929947853088
          },
          {
            "X": 0.47802919149398804,
            "Y": 0.8703939914703369
          },
          {
            "X": 0.47806599736213684,
            "Y": 0.9078322052955627
          },
          {
            "X": 0.3782368302345276,
            "Y": 0.9079363942146301
          }
        ]
      },
      "Id": "e61d6af5-96ef-4066-8e40-e6ee7f9c303a"
    },
    {
      "BlockType": "WORD",
      "Confidence": 99.82283020019531,
      "Text": ".1",
      "TextType": "PRINTED",
      "Geometry": {
        "BoundingBox": {
          "Width": 0.03438956290483475,
          "Height": 0.03823527693748474,
          "Left": 0.17008404433727264,
          "Top": 0.9341071248054504
        },
        "Polygon": [
          {
            "X": 0.17008404433727264,
            "Y": 0.9341441988945007
          },
          {
            "X": 0.2044319361448288,
            "Y": 0.9341071248054504
          },
          {
            "X": 0.2044735997915268,
            "Y": 0.9723035097122192
          },
          {
            "X": 0.17012621462345123,
            "Y": 0.9723423719406128
          }
        ]
      },
      "Id": "d3eaed48-1e8a-4039-99ea-0e5ee3b0be20"
    },
    {
      "BlockType": "WORD",
      "Confidence": 99.63783264160156,
      "Text": "pasta",
      "TextType": "PRINTED",
      "Geometry": {
        "BoundingBox": {
          "Width": 0.12861329317092896,
          "Height": 0.044382523745298386,
          "Left": 0.22120310366153717,
          "Top": 0.9373210668563843
        },
        "Polygon": [
          {
            "X": 0.22120310366153717,
            "Y": 0.9374603629112244
          },
          {
            "X": 0.3497706651687622,
            "Y": 0.9373210668563843
          },
          {
            "X": 0.34981638193130493,
            "Y": 0.9815564155578613
          },
          {
            "X": 0.22125107049942017,
            "Y": 0.9817035794258118
          }
        ]
      },
      "Id": "1c24323d-af34-48ee-bc6a-28a07507fe4d"
    },
    {
      "BlockType": "WORD",
      "Confidence": 99.98494720458984,
      "Text": "20mm",
      "TextType": "PRINTED",
      "Geometry": {
        "BoundingBox": {
          "Width": 0.15101420879364014,
          "Height": 0.038260284811258316,
          "Left": 0.36492791771888733,
          "Top": 0.9339070320129395
        },
        "Polygon": [
          {
            "X": 0.36492791771888733,
            "Y": 0.9340699911117554
          },
          {
            "X": 0.5159052610397339,
            "Y": 0.9339070320129395
          },
          {
            "X": 0.5159421563148499,
            "Y": 0.9719964861869812
          },
          {
            "X": 0.36496707797050476,
            "Y": 0.9721673130989075
          }
        ]
      },
      "Id": "eff0dd0e-6a46-45e8-8469-517820321095"
    }
  ],
  "DetectDocumentTextModelVersion": "1.0",
  "ResponseMetadata": {
    "RequestId": "6d5dba64-9259-44fe-a024-a636f88764c6",
    "HTTPStatusCode": 200,
    "HTTPHeaders": {
      "x-amzn-requestid": "6d5dba64-9259-44fe-a024-a636f88764c6",
      "content-type": "application/x-amz-json-1.1",
      "content-length": "37462",
      "date": "Mon, 18 Nov 2024 05:52:47 GMT"
    },
    "RetryAttempts": 0
  }
}